key,value,unit,notes
combined_tax_rate,0.28,rate,Self-employment 15.3 percent plus effective income tax - be conservative
savings_rate_target,0.15,rate,Percent of lifestyle plus baseline you want to save and invest
profit_margin_target,0.20,rate,Profit taken BEFORE owner pay - Profit First logic
billable_hours_per_month,80,hours,Real billable capacity not hours worked - most solo operators bill 40 to 50 percent
avg_project_ticket,1500.00,currency,Average revenue per closed project
close_rate,0.30,rate,Closed deals divided by qualified leads
weeks_per_month,4.333,weeks,52 divided by 12
scope_buffer,0.15,rate,Padding on project estimates for scope creep
cash_on_hand,0.00,currency,Liquid business plus personal cash - drives runway
